Url,Sale_Year,Model_Type_List,T/M_Drive_List,Weight_List,MSRP,Brand,Title,Model,Dimension,Wheelbase,Tread front/rear,Dimension(Interior),Weight,Body Type,Doors,Riding Capacity,Engine Model,Maximum Power,Displacement,Compression Ratio,Fuel Supply Equipment,Fuel Type,Cylinders,Maximum Torque,Bore×Stroke,Charger,Fuel Tank Equipment,Steering System,Suspension System(front),Breaking System(front),Tires Size(front),Minimum Turning Radius,Suspension System(rear),Breaking System(rear),Tires Size(rear),Driving Wheel,Transmission,LSD,Gear_ratio,Final Drive Gear Ratio,Datetime
https://www.goo-net-exchange.com/catalog/TOYOTA__86/10128921/,May-20,GT BLACK LIMITED Limited Model,6MTFR,1250kg,"¥3,518,600",TOYOTA,TOYOTA 86 GT BLACK LIMITED,4BA-ZN6,4240×1775×1320mm,2570mm,1520/1540mm,1615×1490×1060mm,1250kg,Coupe,2,4,FA20,207ps(152kW)/7000rpm,1998cc,-,-,-,-,21.6kg・m(212N・m)/-rpm,86.0mm×86.0mm,-,50L,-,-,-,215/45R17 87W,5.4m,-,-,215/45R17 87W,FR,6MT,-,"1st Gear:3.626, 2nd Gear:2.188, 3rd Gear:1.541, 4th Gear:1.213, 5th Gear:1.000, 6th Gear:0.767, Reverse:3.437",4.3,11/24/2025 9:37
https://www.goo-net-exchange.com/catalog/TOYOTA__86/10128920/,May-20,GT BLACK LIMITED Limited Model,6ATFR,1270kg,"¥3,586,000",TOYOTA,TOYOTA 86 GT BLACK LIMITED,4BA-ZN6,4240×1775×1320mm,2570mm,1520/1540mm,1615×1490×1060mm,1270kg,Coupe,2,4,FA20,200ps(147kW)/7000rpm,1998cc,-,-,-,-,20.9kg・m(205N・m)/-rpm,86.0mm×86.0mm,-,50L,-,-,-,215/45R17 87W,5.4m,-,-,215/45R17 87W,FR,6AT,-,"1st Gear:3.538, 2nd Gear:2.060, 3rd Gear:1.404, 4th Gear:1.000, 5th Gear:0.713, 6th Gear:0.582, Reverse:3.168",4.1,11/24/2025 9:37
https://www.goo-net-exchange.com/catalog/TOYOTA__86/10124134/,Oct-19,G,6MTFR,1210kg,"¥2,671,900",TOYOTA,TOYOTA 86 G,4BA-ZN6,4240×1775×1320mm,2570mm,1520/1540mm,1615×1490×1060mm,1210kg,Coupe,2,4,FA20,207ps(152kW)/7000rpm,1998cc,-,-,-,-,21.6kg・m(212N・m)/-rpm,86.0mm×86.0mm,-,50L,-,-,-,205/55R16 91V,5.4m,-,-,205/55R16 91V,FR,6MT,-,"1st Gear:3.626, 2nd Gear:2.188, 3rd Gear:1.541, 4th Gear:1.213, 5th Gear:1.000, 6th Gear:0.767, Reverse:3.437",4.3,11/24/2025 9:37
https://www.goo-net-exchange.com/catalog/TOYOTA__86/10124132/,Oct-19,G,6ATFR,1230kg,"¥2,696,100",TOYOTA,TOYOTA 86 G,4BA-ZN6,4240×1775×1320mm,2570mm,1520/1540mm,1615×1490×1060mm,1230kg,Coupe,2,4,FA20,200ps(147kW)/7000rpm,1998cc,-,-,-,-,20.9kg・m(205N・m)/-rpm,86.0mm×86.0mm,-,50L,-,-,-,205/55R16 91V,5.4m,-,-,205/55R16 91V,FR,6AT,,"1st Gear:3.538, 2nd Gear:2.060, 3rd Gear:1.404, 4th Gear:1.000, 5th Gear:0.713, 6th Gear:0.582, Reverse:3.168",4.1,11/24/2025 9:37
https://www.goo-net-exchange.com/catalog/TOYOTA__86/10124130/,Oct-19,GT,6MTFR,1240kg,"¥3,037,100",TOYOTA,TOYOTA 86 GT,4BA-ZN6,4240×1775×1320mm,2570mm,1520/1540mm,1615×1490×1060mm,1240kg,Coupe,2,4,FA20,207ps(152kW)/7000rpm,1998cc,-,-,-,-,21.6kg・m(212N・m)/-rpm,86.0mm×86.0mm,-,50L,-,-,-,215/45R17 87W,5.4m,-,-,215/45R17 87W,FR,6MT,-,"1st Gear:3.626, 2nd Gear:2.188, 3rd Gear:1.541, 4th Gear:1.213, 5th Gear:1.000, 6th Gear:0.767, Reverse:3.437",4.3,11/24/2025 9:37
https://www.goo-net-exchange.com/catalog/TOYOTA__86/10124128/,Oct-19,GT,6ATFR,1260kg,"¥3,105,300",TOYOTA,TOYOTA 86 GT,4BA-ZN6,4240×1775×1320mm,2570mm,1520/1540mm,1615×1490×1060mm,1260kg,Coupe,2,4,FA20,200ps(147kW)/7000rpm,1998cc,-,-,-,-,20.9kg・m(205N・m)/-rpm,86.0mm×86.0mm,-,50L,-,-,-,215/45R17 87W,5.4m,-,-,215/45R17 87W,FR,6AT,-,"1st Gear:3.538, 2nd Gear:2.060, 3rd Gear:1.404, 4th Gear:1.000, 5th Gear:0.713, 6th Gear:0.582, Reverse:3.168",4.1,11/24/2025 9:37
https://www.goo-net-exchange.com/catalog/TOYOTA__86/10124144/,Oct-19,RACING Limited Model,6MTFR,1240kg,"¥3,205,400",TOYOTA,TOYOTA 86 RACING,4BA-ZN6,4240×1775×1315mm,2570mm,1520/1540mm,1615×1490×1060mm,1240kg,Coupe,2,4,FA20,207ps(152kW)/7000rpm,1998cc,-,-,-,-,21.6kg・m(212N・m)/-rpm,86.0mm×86.0mm,-,50L,-,-,-,205/55R16 91V,5.4m,-,-,205/55R16 91V,FR,6MT,-,"1st Gear:3.626, 2nd Gear:2.188, 3rd Gear:1.541, 4th Gear:1.213, 5th Gear:1.000, 6th Gear:0.767, Reverse:3.437",4.3,11/24/2025 9:37
https://www.goo-net-exchange.com/catalog/TOYOTA__86/10124125/,Oct-19,GT LIMITED,6MTFR,1240kg,"¥3,242,800",TOYOTA,TOYOTA 86 GT LIMITED,4BA-ZN6,4240×1775×1320mm,2570mm,1520/1540mm,1615×1490×1060mm,1240kg,Coupe,2,4,FA20,207ps(152kW)/7000rpm,1998cc,-,-,-,-,21.6kg・m(212N・m)/-rpm,86.0mm×86.0mm,-,50L,-,-,-,215/45R17 87W,5.4m,-,-,215/45R17 87W,FR,6MT,-,"1st Gear:3.626, 2nd Gear:2.188, 3rd Gear:1.541, 4th Gear:1.213, 5th Gear:1.000, 6th Gear:0.767, Reverse:3.437",4.3,11/24/2025 9:37
https://www.goo-net-exchange.com/catalog/TOYOTA__86/10124123/,Oct-19,GT LIMITED,6ATFR,1260kg,"¥3,311,000",TOYOTA,TOYOTA 86 GT LIMITED,4BA-ZN6,4240×1775×1320mm,2570mm,1520/1540mm,1615×1490×1060mm,1260kg,Coupe,2,4,FA20,200ps(147kW)/7000rpm,1998cc,-,-,-,-,20.9kg・m(205N・m)/-rpm,86.0mm×86.0mm,-,50L,-,-,-,215/45R17 87W,5.4m,-,-,215/45R17 87W,FR,6AT,-,"1st Gear:3.538, 2nd Gear:2.060, 3rd Gear:1.404, 4th Gear:1.000, 5th Gear:0.713, 6th Gear:0.582, Reverse:3.168",4.1,11/24/2025 9:37
https://www.goo-net-exchange.com/catalog/TOYOTA__86/10124120/,Oct-19,GT LIMITED BLACK PACKAGE,6MTFR,1250kg,"¥3,418,800",TOYOTA,TOYOTA 86 GT LIMITED BLACK PACKAGE,4BA-ZN6,4240×1775×1320mm,2570mm,1520/1540mm,1615×1490×1060mm,1250kg,Coupe,2,4,FA20,207ps(152kW)/7000rpm,1998cc,-,-,-,-,21.6kg・m(212N・m)/-rpm,86.0mm×86.0mm,-,50L,-,-,-,215/45R17 87W,5.4m,-,-,215/45R17 87W,FR,6MT,-,"1st Gear:3.626, 2nd Gear:2.188, 3rd Gear:1.541, 4th Gear:1.213, 5th Gear:1.000, 6th Gear:0.767, Reverse:3.437",4.3,11/24/2025 9:37
https://www.goo-net-exchange.com/catalog/TOYOTA__86/10124118/,Oct-19,GT LIMITED BLACK PACKAGE,6ATFR,1270kg,"¥3,487,000",TOYOTA,TOYOTA 86 GT LIMITED BLACK PACKAGE,4BA-ZN6,4240×1775×1320mm,2570mm,1520/1540mm,1615×1490×1060mm,1270kg,Coupe,2,4,FA20,200ps(147kW)/7000rpm,1998cc,-,-,-,-,20.9kg・m(205N・m)/-rpm,86.0mm×86.0mm,-,50L,-,-,-,215/45R17 87W,5.4m,-,-,215/45R17 87W,FR,6AT,-,"1st Gear:3.538, 2nd Gear:2.060, 3rd Gear:1.404, 4th Gear:1.000, 5th Gear:0.713, 6th Gear:0.582, Reverse:3.168",4.1,11/24/2025 9:37
https://www.goo-net-exchange.com/catalog/TOYOTA__86/10124142/,Oct-19,GR SPORT,6MTFR,1250kg,"¥3,850,000",TOYOTA,TOYOTA 86 GR SPORT,4BA-ZN6,4280×1775×1320mm,2570mm,1520/1540mm,1615×1490×1060mm,1250kg,Coupe,2,4,FA20,207ps(152kW)/7000rpm,1998cc,-,-,-,-,21.6kg・m(212N・m)/-rpm,86.0mm×86.0mm,-,50L,-,-,-,215/45R17,5.4m,-,-,215/45R17,FR,6MT,,"1st Gear:3.626, 2nd Gear:2.188, 3rd Gear:1.541, 4th Gear:1.213, 5th Gear:1.000, 6th Gear:0.767, Reverse:3.437",4.3,11/24/2025 9:37
https://www.goo-net-exchange.com/catalog/TOYOTA__86/10124139/,Oct-19,GR SPORT,6ATFR,1270kg,"¥3,918,200",TOYOTA,TOYOTA 86 GR SPORT,4BA-ZN6,4280×1775×1320mm,2570mm,1520/1540mm,1615×1490×1060mm,1270kg,Coupe,2,4,FA20,200ps(147kW)/7000rpm,1998cc,-,-,-,-,20.9kg・m(205N・m)/-rpm,86.0mm×86.0mm,-,50L,-,-,-,215/45R17,5.4m,-,-,215/45R17,FR,6AT,,"1st Gear:3.538, 2nd Gear:2.060, 3rd Gear:1.404, 4th Gear:1.000, 5th Gear:0.713, 6th Gear:0.582, Reverse:3.168",4.1,11/24/2025 9:37
https://www.goo-net-exchange.com/catalog/TOYOTA__86/10124137/,Oct-19,GR,6MTFR,1240kg,"¥5,060,000",TOYOTA,TOYOTA 86 GR,4BA-ZN6,4290×1790×1320mm,2570mm,1525/1540mm,1615×1490×1060mm,1240kg,Coupe,2,4,FA20,207ps(152kW)/7000rpm,1998cc,-,-,-,-,21.6kg・m(212N・m)/-rpm,86.0mm×86.0mm,-,50L,-,-,-,215/45R17,5.4m,-,-,235/45R17,FR,6MT,-,"1st Gear:3.626, 2nd Gear:2.188, 3rd Gear:1.541, 4th Gear:1.213, 5th Gear:1.000, 6th Gear:0.767, Reverse:3.437",4.3,11/24/2025 9:37
https://www.goo-net-exchange.com/catalog/TOYOTA__86/10119953/,Jul-19,GT BRITISH GREEN LIMITED Limited Model,6MTFR,1240kg,"¥3,251,880",TOYOTA,TOYOTA 86 GT BRITISH GREEN LIMITED,4BA-ZN6,4240×1775×1320mm,2570mm,1520/1540mm,1615×1490×1060mm,1240kg,Coupe,2,4,FA20,207ps(152kW)/7000rpm,1998cc,-,-,-,-,21.6kg・m(212N・m)/-rpm,86.0mm×86.0mm,-,50L,-,-,-,215/45R17 87W,5.4m,-,-,215/45R17 87W,FR,6MT,-,"1st Gear:3.626, 2nd Gear:2.188, 3rd Gear:1.541, 4th Gear:1.213, 5th Gear:1.000, 6th Gear:0.767, Reverse:3.437",4.3,11/24/2025 9:37
https://www.goo-net-exchange.com/catalog/TOYOTA__86/10119952/,Jul-19,GT BRITISH GREEN LIMITED Limited Model,6ATFR,1260kg,"¥3,318,840",TOYOTA,TOYOTA 86 GT BRITISH GREEN LIMITED,4BA-ZN6,4240×1775×1320mm,2570mm,1520/1540mm,1615×1490×1060mm,1260kg,Coupe,2,4,FA20,200ps(147kW)/7000rpm,1998cc,-,-,-,-,20.9kg・m(205N・m)/-rpm,86.0mm×86.0mm,-,50L,-,-,-,215/45R17 87W,5.4m,-,-,215/45R17 87W,FR,6AT,-,"1st Gear:3.538, 2nd Gear:2.060, 3rd Gear:1.404, 4th Gear:1.000, 5th Gear:0.713, 6th Gear:0.582, Reverse:3.168",4.1,11/24/2025 9:38
https://www.goo-net-exchange.com/catalog/TOYOTA__86/10119947/,Apr-19,G,6MTFR,1210kg,"¥2,623,320",TOYOTA,TOYOTA 86 G,4BA-ZN6,4240×1775×1320mm,2570mm,1520/1540mm,1615×1490×1060mm,1210kg,Coupe,2,4,FA20,207ps(152kW)/7000rpm,1998cc,-,-,-,-,21.6kg・m(212N・m)/-rpm,86.0mm×86.0mm,-,50L,-,-,-,205/55R16 91V,5.4m,-,-,205/55R16 91V,FR,6MT,-,"1st Gear:3.626, 2nd Gear:2.188, 3rd Gear:1.541, 4th Gear:1.213, 5th Gear:1.000, 6th Gear:0.767, Reverse:3.437",4.3,11/24/2025 9:38
https://www.goo-net-exchange.com/catalog/TOYOTA__86/10119946/,Apr-19,G,6ATFR,1230kg,"¥2,647,080",TOYOTA,TOYOTA 86 G,4BA-ZN6,4240×1775×1320mm,2570mm,1520/1540mm,1615×1490×1060mm,1230kg,Coupe,2,4,FA20,200ps(147kW)/7000rpm,1998cc,-,-,-,-,20.9kg・m(205N・m)/-rpm,86.0mm×86.0mm,-,50L,-,-,-,205/55R16 91V,5.4m,-,-,205/55R16 91V,FR,6AT,,"1st Gear:3.538, 2nd Gear:2.060, 3rd Gear:1.404, 4th Gear:1.000, 5th Gear:0.713, 6th Gear:0.582, Reverse:3.168",4.1,11/24/2025 9:38
https://www.goo-net-exchange.com/catalog/TOYOTA__86/10119945/,Apr-19,GT,6MTFR,1240kg,"¥2,981,880",TOYOTA,TOYOTA 86 GT,4BA-ZN6,4240×1775×1320mm,2570mm,1520/1540mm,1615×1490×1060mm,1240kg,Coupe,2,4,FA20,207ps(152kW)/7000rpm,1998cc,-,-,-,-,21.6kg・m(212N・m)/-rpm,86.0mm×86.0mm,-,50L,-,-,-,215/45R17 87W,5.4m,-,-,215/45R17 87W,FR,6MT,-,"1st Gear:3.626, 2nd Gear:2.188, 3rd Gear:1.541, 4th Gear:1.213, 5th Gear:1.000, 6th Gear:0.767, Reverse:3.437",4.3,11/24/2025 9:38
https://www.goo-net-exchange.com/catalog/TOYOTA__86/10119944/,Apr-19,GT,6ATFR,1260kg,"¥3,048,840",TOYOTA,TOYOTA 86 GT,4BA-ZN6,4240×1775×1320mm,2570mm,1520/1540mm,1615×1490×1060mm,1260kg,Coupe,2,4,FA20,200ps(147kW)/7000rpm,1998cc,-,-,-,-,20.9kg・m(205N・m)/-rpm,86.0mm×86.0mm,-,50L,-,-,-,215/45R17 87W,5.4m,-,-,215/45R17 87W,FR,6AT,-,"1st Gear:3.538, 2nd Gear:2.060, 3rd Gear:1.404, 4th Gear:1.000, 5th Gear:0.713, 6th Gear:0.582, Reverse:3.168",4.1,11/24/2025 9:38
https://www.goo-net-exchange.com/catalog/TOYOTA__86/10119951/,Apr-19,RACING Limited Model,6MTFR,1240kg,"¥3,147,120",TOYOTA,TOYOTA 86 RACING,4BA-ZN6,4240×1775×1315mm,2570mm,1520/1540mm,1615×1490×1060mm,1240kg,Coupe,2,4,FA20,207ps(152kW)/7000rpm,1998cc,-,-,-,-,21.6kg・m(212N・m)/-rpm,86.0mm×86.0mm,-,50L,-,-,-,205/55R16 91V,5.4m,-,-,205/55R16 91V,FR,6MT,-,"1st Gear:3.626, 2nd Gear:2.188, 3rd Gear:1.541, 4th Gear:1.213, 5th Gear:1.000, 6th Gear:0.767, Reverse:3.437",4.3,11/24/2025 9:38
https://www.goo-net-exchange.com/catalog/TOYOTA__86/10119943/,Apr-19,GT LIMITED,6MTFR,1240kg,"¥3,183,840",TOYOTA,TOYOTA 86 GT LIMITED,4BA-ZN6,4240×1775×1320mm,2570mm,1520/1540mm,1615×1490×1060mm,1240kg,Coupe,2,4,FA20,207ps(152kW)/7000rpm,1998cc,-,-,-,-,21.6kg・m(212N・m)/-rpm,86.0mm×86.0mm,-,50L,-,-,-,215/45R17 87W,5.4m,-,-,215/45R17 87W,FR,6MT,-,"1st Gear:3.626, 2nd Gear:2.188, 3rd Gear:1.541, 4th Gear:1.213, 5th Gear:1.000, 6th Gear:0.767, Reverse:3.437",4.3,11/24/2025 9:38
https://www.goo-net-exchange.com/catalog/TOYOTA__86/10119942/,Apr-19,GT LIMITED,6ATFR,1260kg,"¥3,250,800",TOYOTA,TOYOTA 86 GT LIMITED,4BA-ZN6,4240×1775×1320mm,2570mm,1520/1540mm,1615×1490×1060mm,1260kg,Coupe,2,4,FA20,200ps(147kW)/7000rpm,1998cc,-,-,-,-,20.9kg・m(205N・m)/-rpm,86.0mm×86.0mm,-,50L,-,-,-,215/45R17 87W,5.4m,-,-,215/45R17 87W,FR,6AT,-,"1st Gear:3.538, 2nd Gear:2.060, 3rd Gear:1.404, 4th Gear:1.000, 5th Gear:0.713, 6th Gear:0.582, Reverse:3.168",4.1,11/24/2025 9:38
https://www.goo-net-exchange.com/catalog/TOYOTA__86/10119941/,Apr-19,GT LIMITED BLACK PACKAGE,6MTFR,1250kg,"¥3,356,640",TOYOTA,TOYOTA 86 GT LIMITED BLACK PACKAGE,4BA-ZN6,4240×1775×1320mm,2570mm,1520/1540mm,1615×1490×1060mm,1250kg,Coupe,2,4,FA20,207ps(152kW)/7000rpm,1998cc,-,-,-,-,21.6kg・m(212N・m)/-rpm,86.0mm×86.0mm,-,50L,-,-,-,215/45R17 87W,5.4m,-,-,215/45R17 87W,FR,6MT,-,"1st Gear:3.626, 2nd Gear:2.188, 3rd Gear:1.541, 4th Gear:1.213, 5th Gear:1.000, 6th Gear:0.767, Reverse:3.437",4.3,11/24/2025 9:38
https://www.goo-net-exchange.com/catalog/TOYOTA__86/10119940/,Apr-19,GT LIMITED BLACK PACKAGE,6ATFR,1270kg,"¥3,423,600",TOYOTA,TOYOTA 86 GT LIMITED BLACK PACKAGE,4BA-ZN6,4240×1775×1320mm,2570mm,1520/1540mm,1615×1490×1060mm,1270kg,Coupe,2,4,FA20,200ps(147kW)/7000rpm,1998cc,-,-,-,-,20.9kg・m(205N・m)/-rpm,86.0mm×86.0mm,-,50L,-,-,-,215/45R17 87W,5.4m,-,-,215/45R17 87W,FR,6AT,-,"1st Gear:3.538, 2nd Gear:2.060, 3rd Gear:1.404, 4th Gear:1.000, 5th Gear:0.713, 6th Gear:0.582, Reverse:3.168",4.1,11/24/2025 9:38
https://www.goo-net-exchange.com/catalog/TOYOTA__86/10119950/,Apr-19,GR SPORT,6MTFR,1250kg,"¥3,780,000",TOYOTA,TOYOTA 86 GR SPORT,4BA-ZN6,4280×1775×1320mm,2570mm,1520/1540mm,1615×1490×1060mm,1250kg,Coupe,2,4,FA20,207ps(152kW)/7000rpm,1998cc,-,-,-,-,21.6kg・m(212N・m)/-rpm,86.0mm×86.0mm,-,50L,-,-,-,215/45R17,5.4m,-,-,215/45R17,FR,6MT,,"1st Gear:3.626, 2nd Gear:2.188, 3rd Gear:1.541, 4th Gear:1.213, 5th Gear:1.000, 6th Gear:0.767, Reverse:3.437",4.3,11/24/2025 9:38
https://www.goo-net-exchange.com/catalog/TOYOTA__86/10119949/,Apr-19,GR SPORT,6ATFR,1270kg,"¥3,846,960",TOYOTA,TOYOTA 86 GR SPORT,4BA-ZN6,4280×1775×1320mm,2570mm,1520/1540mm,1615×1490×1060mm,1270kg,Coupe,2,4,FA20,200ps(147kW)/7000rpm,1998cc,-,-,-,-,20.9kg・m(205N・m)/-rpm,86.0mm×86.0mm,-,50L,-,-,-,215/45R17,5.4m,-,-,215/45R17,FR,6AT,,"1st Gear:3.538, 2nd Gear:2.060, 3rd Gear:1.404, 4th Gear:1.000, 5th Gear:0.713, 6th Gear:0.582, Reverse:3.168",4.1,11/24/2025 9:38
https://www.goo-net-exchange.com/catalog/TOYOTA__86/10119948/,Apr-19,GR,6MTFR,1240kg,"¥4,968,000",TOYOTA,TOYOTA 86 GR,4BA-ZN6,4290×1790×1320mm,2570mm,1525/1540mm,1615×1490×1060mm,1240kg,Coupe,2,4,FA20,207ps(152kW)/7000rpm,1998cc,-,-,-,-,21.6kg・m(212N・m)/-rpm,86.0mm×86.0mm,-,50L,-,-,-,215/45R17,5.4m,-,-,235/45R17,FR,6MT,-,"1st Gear:3.626, 2nd Gear:2.188, 3rd Gear:1.541, 4th Gear:1.213, 5th Gear:1.000, 6th Gear:0.767, Reverse:3.437",4.3,11/24/2025 9:38
https://www.goo-net-exchange.com/catalog/TOYOTA__86/10116542/,Jul-18,GR SPORT,6MTFR,1250kg,"¥3,780,000",TOYOTA,TOYOTA 86 GR SPORT,DBA-ZN6,4280×1775×1320mm,2570mm,1520/1540mm,1615×1490×1060mm,1250kg,Coupe,2,4,FA20,207ps(152kW)/7000rpm,1998cc,-,-,-,-,21.6kg・m(212N・m)/-rpm,86.0mm×86.0mm,-,50L,-,-,-,215/45R17,5.4m,-,-,215/45R17,FR,6MT,,"1st Gear:3.626, 2nd Gear:2.188, 3rd Gear:1.541, 4th Gear:1.213, 5th Gear:1.000, 6th Gear:0.767, Reverse:3.437",4.3,11/24/2025 9:38
https://www.goo-net-exchange.com/catalog/TOYOTA__86/10116541/,Jul-18,GR SPORT,6ATFR,1270kg,"¥3,846,960",TOYOTA,TOYOTA 86 GR SPORT,DBA-ZN6,4280×1775×1320mm,2570mm,1520/1540mm,1615×1490×1060mm,1270kg,Coupe,2,4,FA20,200ps(147kW)/7000rpm,1998cc,-,-,-,-,20.9kg・m(205N・m)/-rpm,86.0mm×86.0mm,-,50L,-,-,-,215/45R17,5.4m,-,-,215/45R17,FR,6AT,,"1st Gear:3.538, 2nd Gear:2.060, 3rd Gear:1.404, 4th Gear:1.000, 5th Gear:0.713, 6th Gear:0.582, Reverse:3.168",4.1,11/24/2025 9:38
https://www.goo-net-exchange.com/catalog/TOYOTA__86/10115460/,Apr-18,G,6MTFR,1210kg,"¥2,623,320",TOYOTA,TOYOTA 86 G,DBA-ZN6,4240×1775×1320mm,2570mm,1520/1540mm,1615×1490×1060mm,1210kg,Coupe,2,4,FA20,207ps(152kW)/7000rpm,1998cc,12.5,-,-,-,21.6kg・m(212N・m)/-rpm,86.0mm×86.0mm,-,50L,-,-,-,205/55R16 91V,5.4m,-,-,205/55R16 91V,FR,6MT,-,"1st Gear:3.626, 2nd Gear:2.188, 3rd Gear:1.541, 4th Gear:1.213, 5th Gear:1.000, 6th Gear:0.767, Reverse:3.437",4.3,11/24/2025 9:38
https://www.goo-net-exchange.com/catalog/TOYOTA__86/10115459/,Apr-18,G,6ATFR,1230kg,"¥2,647,080",TOYOTA,TOYOTA 86 G,DBA-ZN6,4240×1775×1320mm,2570mm,1520/1540mm,1615×1490×1060mm,1230kg,Coupe,2,4,FA20,200ps(147kW)/7000rpm,1998cc,12.5,-,-,-,20.9kg・m(205N・m)/-rpm,86.0mm×86.0mm,-,50L,-,-,-,205/55R16 91V,5.4m,-,-,205/55R16 91V,FR,6AT,,"1st Gear:3.538, 2nd Gear:2.060, 3rd Gear:1.404, 4th Gear:1.000, 5th Gear:0.713, 6th Gear:0.582, Reverse:3.168",4.1,11/24/2025 9:38
https://www.goo-net-exchange.com/catalog/TOYOTA__86/10115458/,Apr-18,GT,6MTFR,1240kg,"¥2,981,880",TOYOTA,TOYOTA 86 GT,DBA-ZN6,4240×1775×1320mm,2570mm,1520/1540mm,1615×1490×1060mm,1240kg,Coupe,2,4,FA20,207ps(152kW)/7000rpm,1998cc,12.5,-,-,-,21.6kg・m(212N・m)/-rpm,86.0mm×86.0mm,-,50L,-,-,-,215/45R17 87W,5.4m,-,-,215/45R17 87W,FR,6MT,-,"1st Gear:3.626, 2nd Gear:2.188, 3rd Gear:1.541, 4th Gear:1.213, 5th Gear:1.000, 6th Gear:0.767, Reverse:3.437",4.3,11/24/2025 9:38
https://www.goo-net-exchange.com/catalog/TOYOTA__86/10115457/,Apr-18,GT,6ATFR,1260kg,"¥3,048,840",TOYOTA,TOYOTA 86 GT,DBA-ZN6,4240×1775×1320mm,2570mm,1520/1540mm,1615×1490×1060mm,1260kg,Coupe,2,4,FA20,200ps(147kW)/7000rpm,1998cc,12.5,-,-,-,20.9kg・m(205N・m)/-rpm,86.0mm×86.0mm,-,50L,-,-,-,215/45R17 87W,5.4m,-,-,215/45R17 87W,FR,6AT,-,"1st Gear:3.538, 2nd Gear:2.060, 3rd Gear:1.404, 4th Gear:1.000, 5th Gear:0.713, 6th Gear:0.582, Reverse:3.168",4.1,11/24/2025 9:38
https://www.goo-net-exchange.com/catalog/TOYOTA__86/10115433/,Apr-18,RACING Limited Model,6MTFR,1240kg,"¥3,147,120",TOYOTA,TOYOTA 86 RACING,DBA-ZN6,4240×1775×1315mm,2570mm,1520/1540mm,1615×1490×1060mm,1240kg,Coupe,2,4,FA20,207ps(152kW)/7000rpm,1998cc,12.5,-,-,-,21.6kg・m(212N・m)/-rpm,86.0mm×86.0mm,-,50L,-,-,-,205/55R16 91V,5.4m,-,-,205/55R16 91V,FR,6MT,-,"1st Gear:3.626, 2nd Gear:2.188, 3rd Gear:1.541, 4th Gear:1.213, 5th Gear:1.000, 6th Gear:0.767, Reverse:3.437",4.3,11/24/2025 9:38
https://www.goo-net-exchange.com/catalog/TOYOTA__86/10115456/,Apr-18,GT LIMITED,6MTFR,1240kg,"¥3,183,840",TOYOTA,TOYOTA 86 GT LIMITED,DBA-ZN6,4240×1775×1320mm,2570mm,1520/1540mm,1615×1490×1060mm,1240kg,Coupe,2,4,FA20,207ps(152kW)/7000rpm,1998cc,12.5,-,-,-,21.6kg・m(212N・m)/-rpm,86.0mm×86.0mm,-,50L,-,-,-,215/45R17 87W,5.4m,-,-,215/45R17 87W,FR,6MT,-,"1st Gear:3.626, 2nd Gear:2.188, 3rd Gear:1.541, 4th Gear:1.213, 5th Gear:1.000, 6th Gear:0.767, Reverse:3.437",4.3,11/24/2025 9:38
https://www.goo-net-exchange.com/catalog/TOYOTA__86/10115455/,Apr-18,GT LIMITED,6ATFR,1260kg,"¥3,250,800",TOYOTA,TOYOTA 86 GT LIMITED,DBA-ZN6,4240×1775×1320mm,2570mm,1520/1540mm,1615×1490×1060mm,1260kg,Coupe,2,4,FA20,200ps(147kW)/7000rpm,1998cc,12.5,-,-,-,20.9kg・m(205N・m)/-rpm,86.0mm×86.0mm,-,50L,-,-,-,215/45R17 87W,5.4m,-,-,215/45R17 87W,FR,6AT,-,"1st Gear:3.538, 2nd Gear:2.060, 3rd Gear:1.404, 4th Gear:1.000, 5th Gear:0.713, 6th Gear:0.582, Reverse:3.168",4.1,11/24/2025 9:38
https://www.goo-net-exchange.com/catalog/TOYOTA__86/10115454/,Apr-18,GT LIMITED BLACK PACKAGE,6MTFR,1250kg,"¥3,356,640",TOYOTA,TOYOTA 86 GT LIMITED BLACK PACKAGE,DBA-ZN6,4240×1775×1320mm,2570mm,1520/1540mm,1615×1490×1060mm,1250kg,Coupe,2,4,FA20,207ps(152kW)/7000rpm,1998cc,12.5,-,-,-,21.6kg・m(212N・m)/-rpm,86.0mm×86.0mm,-,50L,-,-,-,215/45R17 87W,5.4m,-,-,215/45R17 87W,FR,6MT,-,"1st Gear:3.626, 2nd Gear:2.188, 3rd Gear:1.541, 4th Gear:1.213, 5th Gear:1.000, 6th Gear:0.767, Reverse:3.437",4.3,11/24/2025 9:38
https://www.goo-net-exchange.com/catalog/TOYOTA__86/10115453/,Apr-18,GT LIMITED BLACK PACKAGE,6ATFR,1270kg,"¥3,423,600",TOYOTA,TOYOTA 86 GT LIMITED BLACK PACKAGE,DBA-ZN6,4240×1775×1320mm,2570mm,1520/1540mm,1615×1490×1060mm,1270kg,Coupe,2,4,FA20,200ps(147kW)/7000rpm,1998cc,12.5,-,-,-,20.9kg・m(205N・m)/-rpm,86.0mm×86.0mm,-,50L,-,-,-,215/45R17 87W,5.4m,-,-,215/45R17 87W,FR,6AT,-,"1st Gear:3.538, 2nd Gear:2.060, 3rd Gear:1.404, 4th Gear:1.000, 5th Gear:0.713, 6th Gear:0.582, Reverse:3.168",4.1,11/24/2025 9:38
https://www.goo-net-exchange.com/catalog/TOYOTA__86/10115426/,Apr-18,GR,6MTFR,1240kg,"¥4,968,000",TOYOTA,TOYOTA 86 GR,DBA-ZN6,4290×1790×1320mm,2570mm,1525/1540mm,1615×1490×1060mm,1240kg,Coupe,2,4,FA20,207ps(152kW)/7000rpm,1998cc,-,-,-,-,21.6kg・m(212N・m)/-rpm,86.0mm×86.0mm,-,50L,-,-,-,215/45R17,5.4m,-,-,235/45R17,FR,6MT,-,"1st Gear:3.626, 2nd Gear:2.188, 3rd Gear:1.541, 4th Gear:1.213, 5th Gear:1.000, 6th Gear:0.767, Reverse:3.437",4.3,11/24/2025 9:38
https://www.goo-net-exchange.com/catalog/TOYOTA__86/10112915/,Dec-17,GR,6MTFR,1240kg,"¥4,968,000",TOYOTA,TOYOTA 86 GR,DBA-ZN6,4290×1790×1320mm,2570mm,1525/1540mm,1615×1490×1060mm,1240kg,Coupe,2,4,FA20,207ps(152kW)/7000rpm,1998cc,-,-,-,-,21.6kg・m(212N・m)/-rpm,86.0mm×86.0mm,-,50L,-,-,-,215/45R17,5.4m,-,-,235/45R17,FR,6MT,-,"1st Gear:3.626, 2nd Gear:2.188, 3rd Gear:1.541, 4th Gear:1.213, 5th Gear:1.000, 6th Gear:0.767, Reverse:3.437",4.3,11/24/2025 9:38
https://www.goo-net-exchange.com/catalog/TOYOTA__86/10111540/,Oct-17,G,6MTFR,1210kg,"¥2,623,320",TOYOTA,TOYOTA 86 G,DBA-ZN6,4240×1775×1320mm,2570mm,1520/1540mm,1615×1490×1060mm,1210kg,Coupe,2,4,FA20,207ps(152kW)/7000rpm,1998cc,12.5,-,-,-,21.6kg・m(212N・m)/-rpm,86.0mm×86.0mm,-,50L,-,-,-,205/55R16 91V,5.4m,-,-,205/55R16 91V,FR,6MT,-,"1st Gear:3.626, 2nd Gear:2.188, 3rd Gear:1.541, 4th Gear:1.213, 5th Gear:1.000, 6th Gear:0.767, Reverse:3.437",4.3,11/24/2025 9:38
https://www.goo-net-exchange.com/catalog/TOYOTA__86/10111539/,Oct-17,G,6ATFR,1230kg,"¥2,647,080",TOYOTA,TOYOTA 86 G,DBA-ZN6,4240×1775×1320mm,2570mm,1520/1540mm,1615×1490×1060mm,1230kg,Coupe,2,4,FA20,200ps(147kW)/7000rpm,1998cc,12.5,-,-,-,20.9kg・m(205N・m)/-rpm,86.0mm×86.0mm,-,50L,-,-,-,205/55R16 91V,5.4m,-,-,205/55R16 91V,FR,6AT,,"1st Gear:3.538, 2nd Gear:2.060, 3rd Gear:1.404, 4th Gear:1.000, 5th Gear:0.713, 6th Gear:0.582, Reverse:3.168",4.1,11/24/2025 9:38
https://www.goo-net-exchange.com/catalog/TOYOTA__86/10111538/,Oct-17,GT,6MTFR,1240kg,"¥2,981,880",TOYOTA,TOYOTA 86 GT,DBA-ZN6,4240×1775×1320mm,2570mm,1520/1540mm,1615×1490×1060mm,1240kg,Coupe,2,4,FA20,207ps(152kW)/7000rpm,1998cc,12.5,-,-,-,21.6kg・m(212N・m)/-rpm,86.0mm×86.0mm,-,50L,-,-,-,215/45R17 87W,5.4m,-,-,215/45R17 87W,FR,6MT,-,"1st Gear:3.626, 2nd Gear:2.188, 3rd Gear:1.541, 4th Gear:1.213, 5th Gear:1.000, 6th Gear:0.767, Reverse:3.437",4.3,11/24/2025 9:38
https://www.goo-net-exchange.com/catalog/TOYOTA__86/10111537/,Oct-17,GT,6ATFR,1260kg,"¥3,048,840",TOYOTA,TOYOTA 86 GT,DBA-ZN6,4240×1775×1320mm,2570mm,1520/1540mm,1615×1490×1060mm,1260kg,Coupe,2,4,FA20,200ps(147kW)/7000rpm,1998cc,12.5,-,-,-,20.9kg・m(205N・m)/-rpm,86.0mm×86.0mm,-,50L,-,-,-,215/45R17 87W,5.4m,-,-,215/45R17 87W,FR,6AT,-,"1st Gear:3.538, 2nd Gear:2.060, 3rd Gear:1.404, 4th Gear:1.000, 5th Gear:0.713, 6th Gear:0.582, Reverse:3.168",4.1,11/24/2025 9:38
https://www.goo-net-exchange.com/catalog/TOYOTA__86/10111536/,Oct-17,GT LIMITED,6MTFR,1240kg,"¥3,183,840",TOYOTA,TOYOTA 86 GT LIMITED,DBA-ZN6,4240×1775×1320mm,2570mm,1520/1540mm,1615×1490×1060mm,1240kg,Coupe,2,4,FA20,207ps(152kW)/7000rpm,1998cc,12.5,-,-,-,21.6kg・m(212N・m)/-rpm,86.0mm×86.0mm,-,50L,-,-,-,215/45R17 87W,5.4m,-,-,215/45R17 87W,FR,6MT,-,"1st Gear:3.626, 2nd Gear:2.188, 3rd Gear:1.541, 4th Gear:1.213, 5th Gear:1.000, 6th Gear:0.767, Reverse:3.437",4.3,11/24/2025 9:39
https://www.goo-net-exchange.com/catalog/TOYOTA__86/10111535/,Oct-17,GT LIMITED,6ATFR,1260kg,"¥3,250,800",TOYOTA,TOYOTA 86 GT LIMITED,DBA-ZN6,4240×1775×1320mm,2570mm,1520/1540mm,1615×1490×1060mm,1260kg,Coupe,2,4,FA20,200ps(147kW)/7000rpm,1998cc,12.5,-,-,-,20.9kg・m(205N・m)/-rpm,86.0mm×86.0mm,-,50L,-,-,-,215/45R17 87W,5.4m,-,-,215/45R17 87W,FR,6AT,-,"1st Gear:3.538, 2nd Gear:2.060, 3rd Gear:1.404, 4th Gear:1.000, 5th Gear:0.713, 6th Gear:0.582, Reverse:3.168",4.1,11/24/2025 9:39
https://www.goo-net-exchange.com/catalog/TOYOTA__86/10111534/,Oct-17,GT LIMITED BLACK PACKAGE,6MTFR,1250kg,"¥3,356,640",TOYOTA,TOYOTA 86 GT LIMITED BLACK PACKAGE,DBA-ZN6,4240×1775×1320mm,2570mm,1520/1540mm,1615×1490×1060mm,1250kg,Coupe,2,4,FA20,207ps(152kW)/7000rpm,1998cc,12.5,-,-,-,21.6kg・m(212N・m)/-rpm,86.0mm×86.0mm,-,50L,-,-,-,215/45R17 87W,5.4m,-,-,215/45R17 87W,FR,6MT,-,"1st Gear:3.626, 2nd Gear:2.188, 3rd Gear:1.541, 4th Gear:1.213, 5th Gear:1.000, 6th Gear:0.767, Reverse:3.437",4.3,11/24/2025 9:39
https://www.goo-net-exchange.com/catalog/TOYOTA__86/10111533/,Oct-17,GT LIMITED BLACK PACKAGE,6ATFR,1270kg,"¥3,423,600",TOYOTA,TOYOTA 86 GT LIMITED BLACK PACKAGE,DBA-ZN6,4240×1775×1320mm,2570mm,1520/1540mm,1615×1490×1060mm,1270kg,Coupe,2,4,FA20,200ps(147kW)/7000rpm,1998cc,12.5,-,-,-,20.9kg・m(205N・m)/-rpm,86.0mm×86.0mm,-,50L,-,-,-,215/45R17 87W,5.4m,-,-,215/45R17 87W,FR,6AT,-,"1st Gear:3.538, 2nd Gear:2.060, 3rd Gear:1.404, 4th Gear:1.000, 5th Gear:0.713, 6th Gear:0.582, Reverse:3.168",4.1,11/24/2025 9:39
https://www.goo-net-exchange.com/catalog/TOYOTA__86/10111937/,Sep-17,RACING Limited Model,6MTFR,1240kg,"¥3,052,080",TOYOTA,TOYOTA 86 RACING,DBA-ZN6,4240×1775×1315mm,2570mm,1520/1540mm,1615×1490×1060mm,1240kg,Coupe,2,4,FA20,207ps(152kW)/7000rpm,1998cc,12.5,-,-,-,21.6kg・m(212N・m)/-rpm,86.0mm×86.0mm,-,50L,-,-,-,205/55R16 91V,5.4m,-,-,205/55R16 91V,FR,6MT,-,"1st Gear:3.626, 2nd Gear:2.188, 3rd Gear:1.541, 4th Gear:1.213, 5th Gear:1.000, 6th Gear:0.767, Reverse:3.437",4.3,11/24/2025 9:39
https://www.goo-net-exchange.com/catalog/TOYOTA__86/10107256/,Mar-17,GT SOLAR ORANGE LIMITED Limited Model,6MTFR,1240kg,"¥3,251,880",TOYOTA,TOYOTA 86 GT SOLAR ORANGE LIMITED,DBA-ZN6,4240×1775×1320mm,2570mm,1520/1540mm,1615×1490×1060mm,1240kg,Coupe,2,4,FA20,207ps(152kW)/7000rpm,1998cc,12.5,-,-,-,21.6kg・m(212N・m)/-rpm,86.0mm×86.0mm,-,50L,-,-,-,215/45R17 87W,5.4m,-,-,215/45R17 87W,FR,6MT,-,"1st Gear:3.626, 2nd Gear:2.188, 3rd Gear:1.541, 4th Gear:1.213, 5th Gear:1.000, 6th Gear:0.767, Reverse:3.437",4.3,11/24/2025 9:39
https://www.goo-net-exchange.com/catalog/TOYOTA__86/10107255/,Mar-17,GT SOLAR ORANGE LIMITED Limited Model,6ATFR,1260kg,"¥3,318,840",TOYOTA,TOYOTA 86 GT SOLAR ORANGE LIMITED,DBA-ZN6,4240×1775×1320mm,2570mm,1520/1540mm,1615×1490×1060mm,1260kg,Coupe,2,4,FA20,200ps(147kW)/7000rpm,1998cc,12.5,-,-,-,20.9kg・m(205N・m)/-rpm,86.0mm×86.0mm,-,50L,-,-,-,215/45R17 87W,5.4m,-,-,215/45R17 87W,FR,6AT,-,"1st Gear:3.538, 2nd Gear:2.060, 3rd Gear:1.404, 4th Gear:1.000, 5th Gear:0.713, 6th Gear:0.582, Reverse:3.168",4.1,11/24/2025 9:39
https://www.goo-net-exchange.com/catalog/TOYOTA__86/10107254/,Feb-17,GT LIMITED HIGH PERFORMANCE PACKAGE,6MTFR,1250kg,"¥3,394,440",TOYOTA,TOYOTA 86 GT LIMITED HIGH PERFORMANCE PACKAGE,DBA-ZN6,4240×1775×1320mm,2570mm,1520/1540mm,1615×1490×1060mm,1250kg,Coupe,2,4,FA20,207ps(152kW)/7000rpm,1998cc,12.5,-,-,-,21.6kg・m(212N・m)/-rpm,86.0mm×86.0mm,-,50L,-,-,-,215/45R17 87W,5.4m,-,-,215/45R17 87W,FR,6MT,-,"1st Gear:3.626, 2nd Gear:2.188, 3rd Gear:1.541, 4th Gear:1.213, 5th Gear:1.000, 6th Gear:0.767, Reverse:3.437",4.3,11/24/2025 9:39
https://www.goo-net-exchange.com/catalog/TOYOTA__86/10107253/,Feb-17,GT LIMITED HIGH PERFORMANCE PACKAGE,6ATFR,1270kg,"¥3,461,400",TOYOTA,TOYOTA 86 GT LIMITED HIGH PERFORMANCE PACKAGE,DBA-ZN6,4240×1775×1320mm,2570mm,1520/1540mm,1615×1490×1060mm,1270kg,Coupe,2,4,FA20,200ps(147kW)/7000rpm,1998cc,12.5,-,-,-,20.9kg・m(205N・m)/-rpm,86.0mm×86.0mm,-,50L,-,-,-,215/45R17 87W,5.4m,-,-,215/45R17 87W,FR,6AT,-,"1st Gear:3.538, 2nd Gear:2.060, 3rd Gear:1.404, 4th Gear:1.000, 5th Gear:0.713, 6th Gear:0.582, Reverse:3.168",4.1,11/24/2025 9:39
https://www.goo-net-exchange.com/catalog/TOYOTA__86/10106753/,Oct-16,RACING Limited Model,6MTFR,1240kg,"¥3,052,080",TOYOTA,TOYOTA 86 RACING,DBA-ZN6,4240×1775×1295mm,2570mm,1520/1540mm,1615×1490×1060mm,1240kg,Coupe,2,4,FA20,207ps(152kW)/7000rpm,1998cc,12.5,-,-,-,21.6kg・m(212N・m)/-rpm,86.0mm×86.0mm,-,50L,-,-,-,205/55R16 91V,5.4m,-,-,205/55R16 91V,FR,6MT,-,"1st Gear:3.626, 2nd Gear:2.188, 3rd Gear:1.541, 4th Gear:1.213, 5th Gear:1.000, 6th Gear:0.767, Reverse:3.437",4.3,11/24/2025 9:39
https://www.goo-net-exchange.com/catalog/TOYOTA__86/10104889/,Aug-16,G,6MTFR,1210kg,"¥2,623,320",TOYOTA,TOYOTA 86 G,DBA-ZN6,4240×1775×1320mm,2570mm,1520/1540mm,1615×1490×1060mm,1210kg,Coupe,2,4,FA20,207ps(152kW)/7000rpm,1998cc,12.5,-,-,-,21.6kg・m(212N・m)/-rpm,86.0mm×86.0mm,-,50L,-,-,-,205/55R16 91V,5.4m,-,-,205/55R16 91V,FR,6MT,-,"1st Gear:3.626, 2nd Gear:2.188, 3rd Gear:1.541, 4th Gear:1.213, 5th Gear:1.000, 6th Gear:0.767, Reverse:3.437",4.3,11/24/2025 9:39
https://www.goo-net-exchange.com/catalog/TOYOTA__86/10104888/,Aug-16,G,6ATFR,1230kg,"¥2,647,080",TOYOTA,TOYOTA 86 G,DBA-ZN6,4240×1775×1320mm,2570mm,1520/1540mm,1615×1490×1060mm,1230kg,Coupe,2,4,FA20,200ps(147kW)/7000rpm,1998cc,12.5,-,-,-,20.9kg・m(205N・m)/-rpm,86.0mm×86.0mm,-,50L,-,-,-,205/55R16 91V,5.4m,-,-,205/55R16 91V,FR,6AT,,"1st Gear:3.538, 2nd Gear:2.060, 3rd Gear:1.404, 4th Gear:1.000, 5th Gear:0.713, 6th Gear:0.582, Reverse:3.168",4.1,11/24/2025 9:39
https://www.goo-net-exchange.com/catalog/TOYOTA__86/10104886/,Aug-16,GT,6MTFR,1240kg,"¥2,981,880",TOYOTA,TOYOTA 86 GT,DBA-ZN6,4240×1775×1320mm,2570mm,1520/1540mm,1615×1490×1060mm,1240kg,Coupe,2,4,FA20,207ps(152kW)/7000rpm,1998cc,12.5,-,-,-,21.6kg・m(212N・m)/-rpm,86.0mm×86.0mm,-,50L,-,-,-,215/45R17 87W,5.4m,-,-,215/45R17 87W,FR,6MT,-,"1st Gear:3.626, 2nd Gear:2.188, 3rd Gear:1.541, 4th Gear:1.213, 5th Gear:1.000, 6th Gear:0.767, Reverse:3.437",4.3,11/24/2025 9:39
https://www.goo-net-exchange.com/catalog/TOYOTA__86/10104885/,Aug-16,GT,6ATFR,1260kg,"¥3,048,840",TOYOTA,TOYOTA 86 GT,DBA-ZN6,4240×1775×1320mm,2570mm,1520/1540mm,1615×1490×1060mm,1260kg,Coupe,2,4,FA20,200ps(147kW)/7000rpm,1998cc,12.5,-,-,-,20.9kg・m(205N・m)/-rpm,86.0mm×86.0mm,-,50L,-,-,-,215/45R17 87W,5.4m,-,-,215/45R17 87W,FR,6AT,-,"1st Gear:3.538, 2nd Gear:2.060, 3rd Gear:1.404, 4th Gear:1.000, 5th Gear:0.713, 6th Gear:0.582, Reverse:3.168",4.1,11/24/2025 9:39
https://www.goo-net-exchange.com/catalog/TOYOTA__86/10104884/,Aug-16,GT LIMITED,6MTFR,1240kg,"¥3,183,840",TOYOTA,TOYOTA 86 GT LIMITED,DBA-ZN6,4240×1775×1320mm,2570mm,1520/1540mm,1615×1490×1060mm,1240kg,Coupe,2,4,FA20,207ps(152kW)/7000rpm,1998cc,12.5,-,-,-,21.6kg・m(212N・m)/-rpm,86.0mm×86.0mm,-,50L,-,-,-,215/45R17 87W,5.4m,-,-,215/45R17 87W,FR,6MT,-,"1st Gear:3.626, 2nd Gear:2.188, 3rd Gear:1.541, 4th Gear:1.213, 5th Gear:1.000, 6th Gear:0.767, Reverse:3.437",4.3,11/24/2025 9:39
https://www.goo-net-exchange.com/catalog/TOYOTA__86/10104880/,Aug-16,GT LIMITED,6ATFR,1260kg,"¥3,250,800",TOYOTA,TOYOTA 86 GT LIMITED,DBA-ZN6,4240×1775×1320mm,2570mm,1520/1540mm,1615×1490×1060mm,1260kg,Coupe,2,4,FA20,200ps(147kW)/7000rpm,1998cc,12.5,-,-,-,20.9kg・m(205N・m)/-rpm,86.0mm×86.0mm,-,50L,-,-,-,215/45R17 87W,5.4m,-,-,215/45R17 87W,FR,6AT,-,"1st Gear:3.538, 2nd Gear:2.060, 3rd Gear:1.404, 4th Gear:1.000, 5th Gear:0.713, 6th Gear:0.582, Reverse:3.168",4.1,11/24/2025 9:39
https://www.goo-net-exchange.com/catalog/TOYOTA__86/10102428/,May-16,GT AERO PACKAGE,6MTFR,1230kg,"¥3,135,200",TOYOTA,TOYOTA 86 GT AERO PACKAGE,DBA-ZN6,4240×1775×1320mm,2570mm,1520/1540mm,1615×1490×1060mm,1230kg,Coupe,2,4,FA20,200ps(147kW)/7000rpm,1998cc,12.5,-,-,-,20.9kg・m(205N・m)/-rpm,86.0mm×86.0mm,-,50L,-,-,-,215/40R18,5.4m,-,-,225/40R18,FR,6MT,-,"1st Gear:3.626, 2nd Gear:2.188, 3rd Gear:1.541, 4th Gear:1.213, 5th Gear:1.000, 6th Gear:0.767, Reverse:3.437",4.1,11/24/2025 9:39
https://www.goo-net-exchange.com/catalog/TOYOTA__86/10102427/,May-16,GT AERO PACKAGE,6ATFR,1250kg,"¥3,217,673",TOYOTA,TOYOTA 86 GT AERO PACKAGE,DBA-ZN6,4240×1775×1320mm,2570mm,1520/1540mm,1615×1490×1060mm,1250kg,Coupe,2,4,FA20,200ps(147kW)/7000rpm,1998cc,12.5,-,-,-,20.9kg・m(205N・m)/-rpm,86.0mm×86.0mm,-,50L,-,-,-,215/40R18,5.4m,-,-,225/40R18,FR,6AT,-,"1st Gear:3.538, 2nd Gear:2.060, 3rd Gear:1.404, 4th Gear:1.000, 5th Gear:0.713, 6th Gear:0.582, Reverse:3.168",4.1,11/24/2025 9:39
https://www.goo-net-exchange.com/catalog/TOYOTA__86/10102430/,May-16,GT AERO PACKAGE FT,6MTFR,1230kg,"¥3,590,200",TOYOTA,TOYOTA 86 GT AERO PACKAGE FT,DBA-ZN6,4240×1775×1320mm,2570mm,1520/1540mm,1615×1490×1060mm,1230kg,Coupe,2,4,FA20,200ps(147kW)/7000rpm,1998cc,12.5,-,-,-,20.9kg・m(205N・m)/-rpm,86.0mm×86.0mm,-,50L,-,-,-,215/40R18,5.4m,-,-,225/40R18,FR,6MT,-,"1st Gear:3.626, 2nd Gear:2.188, 3rd Gear:1.541, 4th Gear:1.213, 5th Gear:1.000, 6th Gear:0.767, Reverse:3.437",4.1,11/24/2025 9:39
https://www.goo-net-exchange.com/catalog/TOYOTA__86/10102429/,May-16,GT AERO PACKAGE FT,6ATFR,1250kg,"¥3,672,673",TOYOTA,TOYOTA 86 GT AERO PACKAGE FT,DBA-ZN6,4240×1775×1320mm,2570mm,1520/1540mm,1615×1490×1060mm,1250kg,Coupe,2,4,FA20,200ps(147kW)/7000rpm,1998cc,12.5,-,-,-,20.9kg・m(205N・m)/-rpm,86.0mm×86.0mm,-,50L,-,-,-,215/40R18,5.4m,-,-,225/40R18,FR,6AT,-,"1st Gear:3.538, 2nd Gear:2.060, 3rd Gear:1.404, 4th Gear:1.000, 5th Gear:0.713, 6th Gear:0.582, Reverse:3.168",4.1,11/24/2025 9:39
https://www.goo-net-exchange.com/catalog/TOYOTA__86/10101424/,Jan-16,GRMN Limited Model,6MTFR,1230kg,"¥6,480,000",TOYOTA,TOYOTA 86 GRMN,GRMN86,4290×1775×1300mm,2570mm,1525/1535mm,950×1490×1060mm,1230kg,Coupe,2,2,FA20-GR,219ps(161kW)/7300rpm,1998cc,12.5,-,-,-,21.1kg・m(217N・m)/5200rpm,86.0mm×86.0mm,-,50L,-,-,-,215/40R17 83W,5.4m,-,-,235/40R17 90W,FR,6MT,-,"1st Gear:2.907, 2nd Gear:2.036, 3rd Gear:1.541, 4th Gear:1.213, 5th Gear:1.000, 6th Gear:0.767, Reverse:3.437",4.3,11/24/2025 9:39
https://www.goo-net-exchange.com/catalog/TOYOTA__86/10098530/,Jul-15,GT YELLOW LIMITED Limited Model,6MTFR,1230kg,"¥3,167,200",TOYOTA,TOYOTA 86 GT YELLOW LIMITED,DBA-ZN6,4240×1775×1320mm,2570mm,1520/1540mm,1615×1490×1060mm,1230kg,Coupe,2,4,FA20,200ps(147kW)/7000rpm,1998cc,12.5,-,-,-,20.9kg・m(205N・m)/-rpm,86.0mm×86.0mm,-,50L,-,-,-,215/45R17 87W,5.4m,-,-,215/45R17 87W,FR,6MT,-,"1st Gear:3.626, 2nd Gear:2.188, 3rd Gear:1.541, 4th Gear:1.213, 5th Gear:1.000, 6th Gear:0.767, Reverse:3.437",4.1,11/24/2025 9:39
https://www.goo-net-exchange.com/catalog/TOYOTA__86/10098529/,Jul-15,GT YELLOW LIMITED Limited Model,6ATFR,1250kg,"¥3,249,674",TOYOTA,TOYOTA 86 GT YELLOW LIMITED,DBA-ZN6,4240×1775×1320mm,2570mm,1520/1540mm,1615×1490×1060mm,1250kg,Coupe,2,4,FA20,200ps(147kW)/7000rpm,1998cc,12.5,-,-,-,20.9kg・m(205N・m)/-rpm,86.0mm×86.0mm,-,50L,-,-,-,215/45R17 87W,5.4m,-,-,215/45R17 87W,FR,6AT,-,"1st Gear:3.538, 2nd Gear:2.060, 3rd Gear:1.404, 4th Gear:1.000, 5th Gear:0.713, 6th Gear:0.582, Reverse:3.168",4.1,11/24/2025 9:39
https://www.goo-net-exchange.com/catalog/TOYOTA__86/10098532/,Jul-15,GT YELLOW LIMITED AERO PACKAGE Limited Model,6MTFR,1230kg,"¥3,397,200",TOYOTA,TOYOTA 86 GT YELLOW LIMITED AERO PACKAGE,DBA-ZN6,4240×1775×1320mm,2570mm,1520/1540mm,1615×1490×1060mm,1230kg,Coupe,2,4,FA20,200ps(147kW)/7000rpm,1998cc,12.5,-,-,-,20.9kg・m(205N・m)/-rpm,86.0mm×86.0mm,-,50L,-,-,-,215/45R17 87W,5.4m,-,-,215/45R17 87W,FR,6MT,-,"1st Gear:3.626, 2nd Gear:2.188, 3rd Gear:1.541, 4th Gear:1.213, 5th Gear:1.000, 6th Gear:0.767, Reverse:3.437",4.1,11/24/2025 9:39
https://www.goo-net-exchange.com/catalog/TOYOTA__86/10098531/,Jul-15,GT YELLOW LIMITED AERO PACKAGE Limited Model,6ATFR,1250kg,"¥3,479,674",TOYOTA,TOYOTA 86 GT YELLOW LIMITED AERO PACKAGE,DBA-ZN6,4240×1775×1320mm,2570mm,1520/1540mm,1615×1490×1060mm,1250kg,Coupe,2,4,FA20,200ps(147kW)/7000rpm,1998cc,12.5,-,-,-,20.9kg・m(205N・m)/-rpm,86.0mm×86.0mm,-,50L,-,-,-,215/45R17 87W,5.4m,-,-,215/45R17 87W,FR,6AT,-,"1st Gear:3.538, 2nd Gear:2.060, 3rd Gear:1.404, 4th Gear:1.000, 5th Gear:0.713, 6th Gear:0.582, Reverse:3.168",4.1,11/24/2025 9:39
https://www.goo-net-exchange.com/catalog/TOYOTA__86/10098534/,Jul-15,GT YELLOW LIMITED AERO PACKAGE FT Limited Model,6MTFR,1230kg,"¥3,852,200",TOYOTA,TOYOTA 86 GT YELLOW LIMITED AERO PACKAGE FT,DBA-ZN6,4240×1775×1320mm,2570mm,1520/1540mm,1615×1490×1060mm,1230kg,Coupe,2,4,FA20,200ps(147kW)/7000rpm,1998cc,12.5,-,-,-,20.9kg・m(205N・m)/-rpm,86.0mm×86.0mm,-,50L,-,-,-,215/40R18,5.4m,-,-,225/40R18,FR,6MT,-,"1st Gear:3.626, 2nd Gear:2.188, 3rd Gear:1.541, 4th Gear:1.213, 5th Gear:1.000, 6th Gear:0.767, Reverse:3.437",4.1,11/24/2025 9:39
https://www.goo-net-exchange.com/catalog/TOYOTA__86/10098533/,Jul-15,GT YELLOW LIMITED AERO PACKAGE FT Limited Model,6ATFR,1250kg,"¥3,934,673",TOYOTA,TOYOTA 86 GT YELLOW LIMITED AERO PACKAGE FT,DBA-ZN6,4240×1775×1320mm,2570mm,1520/1540mm,1615×1490×1060mm,1250kg,Coupe,2,4,FA20,200ps(147kW)/7000rpm,1998cc,12.5,-,-,-,20.9kg・m(205N・m)/-rpm,86.0mm×86.0mm,-,50L,-,-,-,215/40R18,5.4m,-,-,225/40R18,FR,6AT,-,"1st Gear:3.538, 2nd Gear:2.060, 3rd Gear:1.404, 4th Gear:1.000, 5th Gear:0.713, 6th Gear:0.582, Reverse:3.168",4.1,11/24/2025 9:39
https://www.goo-net-exchange.com/catalog/TOYOTA__86/10095681/,Apr-15,G,6MTFR,1210kg,"¥2,488,909",TOYOTA,TOYOTA 86 G,DBA-ZN6,4240×1775×1320mm,2570mm,1520/1540mm,1615×1490×1060mm,1210kg,Coupe,2,4,FA20,200ps(147kW)/7000rpm,1998cc,12.5,-,-,-,20.9kg・m(205N・m)/-rpm,86.0mm×86.0mm,-,50L,-,-,-,205/55R16 91V,5.4m,-,-,205/55R16 91V,FR,6MT,-,"1st Gear:3.626, 2nd Gear:2.188, 3rd Gear:1.541, 4th Gear:1.213, 5th Gear:1.000, 6th Gear:0.767, Reverse:3.437",3.727,11/24/2025 9:39
https://www.goo-net-exchange.com/catalog/TOYOTA__86/10095680/,Apr-15,G,6ATFR,1230kg,"¥2,560,582",TOYOTA,TOYOTA 86 G,DBA-ZN6,4240×1775×1320mm,2570mm,1520/1540mm,1615×1490×1060mm,1230kg,Coupe,2,4,FA20,200ps(147kW)/7000rpm,1998cc,12.5,-,-,-,20.9kg・m(205N・m)/-rpm,86.0mm×86.0mm,-,50L,-,-,-,205/55R16 91V,5.4m,-,-,205/55R16 91V,FR,6AT,,"1st Gear:3.538, 2nd Gear:2.060, 3rd Gear:1.404, 4th Gear:1.000, 5th Gear:0.713, 6th Gear:0.582, Reverse:3.168",4.1,11/24/2025 9:39
https://www.goo-net-exchange.com/catalog/TOYOTA__86/10095679/,Apr-15,GT,6MTFR,1230kg,"¥2,905,200",TOYOTA,TOYOTA 86 GT,DBA-ZN6,4240×1775×1320mm,2570mm,1520/1540mm,1615×1490×1060mm,1230kg,Coupe,2,4,FA20,200ps(147kW)/7000rpm,1998cc,12.5,-,-,-,20.9kg・m(205N・m)/-rpm,86.0mm×86.0mm,-,50L,-,-,-,215/45R17 87W,5.4m,-,-,215/45R17 87W,FR,6MT,-,"1st Gear:3.626, 2nd Gear:2.188, 3rd Gear:1.541, 4th Gear:1.213, 5th Gear:1.000, 6th Gear:0.767, Reverse:3.437",4.1,11/24/2025 9:40
https://www.goo-net-exchange.com/catalog/TOYOTA__86/10095678/,Apr-15,GT,6ATFR,1250kg,"¥2,987,673",TOYOTA,TOYOTA 86 GT,DBA-ZN6,4240×1775×1320mm,2570mm,1520/1540mm,1615×1490×1060mm,1250kg,Coupe,2,4,FA20,200ps(147kW)/7000rpm,1998cc,12.5,-,-,-,20.9kg・m(205N・m)/-rpm,86.0mm×86.0mm,-,50L,-,-,-,215/45R17 87W,5.4m,-,-,215/45R17 87W,FR,6AT,-,"1st Gear:3.538, 2nd Gear:2.060, 3rd Gear:1.404, 4th Gear:1.000, 5th Gear:0.713, 6th Gear:0.582, Reverse:3.168",4.1,11/24/2025 9:40
https://www.goo-net-exchange.com/catalog/TOYOTA__86/10095677/,Apr-15,GT LIMITED,6MTFR,1230kg,"¥3,090,763",TOYOTA,TOYOTA 86 GT LIMITED,DBA-ZN6,4240×1775×1320mm,2570mm,1520/1540mm,1615×1490×1060mm,1230kg,Coupe,2,4,FA20,200ps(147kW)/7000rpm,1998cc,12.5,-,-,-,20.9kg・m(205N・m)/-rpm,86.0mm×86.0mm,-,50L,-,-,-,215/45R17 87W,5.4m,-,-,215/45R17 87W,FR,6MT,-,"1st Gear:3.626, 2nd Gear:2.188, 3rd Gear:1.541, 4th Gear:1.213, 5th Gear:1.000, 6th Gear:0.767, Reverse:3.437",4.1,11/24/2025 9:40
https://www.goo-net-exchange.com/catalog/TOYOTA__86/10095676/,Apr-15,GT LIMITED,6ATFR,1250kg,"¥3,173,237",TOYOTA,TOYOTA 86 GT LIMITED,DBA-ZN6,4240×1775×1320mm,2570mm,1520/1540mm,1615×1490×1060mm,1250kg,Coupe,2,4,FA20,200ps(147kW)/7000rpm,1998cc,12.5,-,-,-,20.9kg・m(205N・m)/-rpm,86.0mm×86.0mm,-,50L,-,-,-,215/45R17 87W,5.4m,-,-,215/45R17 87W,FR,6AT,-,"1st Gear:3.538, 2nd Gear:2.060, 3rd Gear:1.404, 4th Gear:1.000, 5th Gear:0.713, 6th Gear:0.582, Reverse:3.168",4.1,11/24/2025 9:40
https://www.goo-net-exchange.com/catalog/TOYOTA__86/10095690/,Apr-15,STYLE CB,6MTFR,1230kg,"¥4,180,582",TOYOTA,TOYOTA 86 STYLE CB,DBA-ZN6,4310×1775×1320mm,2570mm,1520/1540mm,1615×1490×1060mm,1230kg,Coupe,2,4,FA20,200ps(147kW)/7000rpm,1998cc,12.5,-,-,-,20.9kg・m(205N・m)/-rpm,86.0mm×86.0mm,-,50L,-,-,-,215/45R17 87W,5.4m,-,-,215/45R17 87W,FR,6MT,-,"1st Gear:3.626, 2nd Gear:2.188, 3rd Gear:1.541, 4th Gear:1.213, 5th Gear:1.000, 6th Gear:0.767, Reverse:3.437",4.1,11/24/2025 9:40
https://www.goo-net-exchange.com/catalog/TOYOTA__86/10095689/,Apr-15,STYLE CB,6ATFR,1250kg,"¥4,263,055",TOYOTA,TOYOTA 86 STYLE CB,DBA-ZN6,4310×1775×1320mm,2570mm,1520/1540mm,1615×1490×1060mm,1250kg,Coupe,2,4,FA20,200ps(147kW)/7000rpm,1998cc,12.5,-,-,-,20.9kg・m(205N・m)/-rpm,86.0mm×86.0mm,-,50L,-,-,-,215/45R17 87W,5.4m,-,-,215/45R17 87W,FR,6AT,-,"1st Gear:3.538, 2nd Gear:2.060, 3rd Gear:1.404, 4th Gear:1.000, 5th Gear:0.713, 6th Gear:0.582, Reverse:3.168",4.1,11/24/2025 9:40
https://www.goo-net-exchange.com/catalog/TOYOTA__86/10108420/,Feb-15,14R,6MTFR,1230kg,"¥3,767,237",TOYOTA,TOYOTA 86 14R,DBA-ZN6,4285×1790×1325mm,2570mm,1520/1540mm,1615×1490×1060mm,1230kg,Coupe,2,4,FA20,200ps(147kW)/7000rpm,1998cc,12.5,-,-,-,20.9kg・m(205N・m)/-rpm,86.0mm×86.0mm,-,50L,-,-,-,225/40R18,5.4m,-,-,225/40R18,FR,6MT,-,"1st Gear:, 2nd Gear:, 3rd Gear:, 4th Gear:, Reverse:",,11/24/2025 9:40
https://www.goo-net-exchange.com/catalog/TOYOTA__86/10108419/,Feb-15,14R,6ATFR,1250kg,"¥3,849,710",TOYOTA,TOYOTA 86 14R,DBA-ZN6,4285×1790×1325mm,2570mm,1520/1540mm,1615×1490×1060mm,1250kg,Coupe,2,4,FA20,200ps(147kW)/7000rpm,1998cc,12.5,-,-,-,20.9kg・m(205N・m)/-rpm,86.0mm×86.0mm,-,50L,-,-,-,225/40R18,5.4m,-,-,225/40R18,FR,6AT,-,"1st Gear:, 2nd Gear:, 3rd Gear:, 4th Gear:, Reverse:",,11/24/2025 9:40
https://www.goo-net-exchange.com/catalog/TOYOTA__86/10094169/,Oct-14,14R-60 Limited Model,6MTFR,1230kg,"¥6,300,000",TOYOTA,TOYOTA 86 14R-60,DBA-ZN6,4335×1820×1305mm,2570mm,1560/1545mm,950×1490×1060mm,1230kg,Coupe,2,2,FA20,200ps(147kW)/7000rpm,1998cc,12.5,-,-,-,20.9kg・m(205N・m)/-rpm,86.0mm×86.0mm,-,50L,-,-,-,235/40R18,5.4m,-,-,235/40R18,FR,6MT,-,"1st Gear:2.907, 2nd Gear:2.036, 3rd Gear:1.541, 4th Gear:1.213, 5th Gear:1.000, 6th Gear:0.767, Reverse:3.437",4.555,11/24/2025 9:40
https://www.goo-net-exchange.com/catalog/TOYOTA__86/10087680/,Jun-14,RC,6MTFR,1190kg,"¥2,056,909",TOYOTA,TOYOTA 86 RC,DBA-ZN6,4240×1775×1320mm,2570mm,1520/1540mm,1615×1490×1060mm,1190kg,Coupe,2,4,FA20,200ps(147kW)/7000rpm,1998cc,12.5,-,-,-,20.9kg・m(205N・m)/-rpm,86.0mm×86.0mm,-,50L,-,-,-,205/55R16 91V,5.4m,-,-,205/55R16 91V,FR,6MT,,"1st Gear:3.626, 2nd Gear:2.188, 3rd Gear:1.541, 4th Gear:1.213, 5th Gear:1.000, 6th Gear:0.767, Reverse:3.437",3.727,11/24/2025 9:40
https://www.goo-net-exchange.com/catalog/TOYOTA__86/10087679/,Jun-14,G,6MTFR,1210kg,"¥2,488,909",TOYOTA,TOYOTA 86 G,DBA-ZN6,4240×1775×1320mm,2570mm,1520/1540mm,1615×1490×1060mm,1210kg,Coupe,2,4,FA20,200ps(147kW)/7000rpm,1998cc,12.5,-,-,-,20.9kg・m(205N・m)/-rpm,86.0mm×86.0mm,-,50L,-,-,-,205/55R16 91V,5.4m,-,-,205/55R16 91V,FR,6MT,-,"1st Gear:3.626, 2nd Gear:2.188, 3rd Gear:1.541, 4th Gear:1.213, 5th Gear:1.000, 6th Gear:0.767, Reverse:3.437",3.727,11/24/2025 9:40
https://www.goo-net-exchange.com/catalog/TOYOTA__86/10087677/,Jun-14,G,6ATFR,1230kg,"¥2,560,582",TOYOTA,TOYOTA 86 G,DBA-ZN6,4240×1775×1320mm,2570mm,1520/1540mm,1615×1490×1060mm,1230kg,Coupe,2,4,FA20,200ps(147kW)/7000rpm,1998cc,12.5,-,-,-,20.9kg・m(205N・m)/-rpm,86.0mm×86.0mm,-,50L,-,-,-,205/55R16 91V,5.4m,-,-,205/55R16 91V,FR,6AT,,"1st Gear:3.538, 2nd Gear:2.060, 3rd Gear:1.404, 4th Gear:1.000, 5th Gear:0.713, 6th Gear:0.582, Reverse:3.168",4.1,11/24/2025 9:40
https://www.goo-net-exchange.com/catalog/TOYOTA__86/10087676/,Jun-14,GT,6MTFR,1230kg,"¥2,879,673",TOYOTA,TOYOTA 86 GT,DBA-ZN6,4240×1775×1320mm,2570mm,1520/1540mm,1615×1490×1060mm,1230kg,Coupe,2,4,FA20,200ps(147kW)/7000rpm,1998cc,12.5,-,-,-,20.9kg・m(205N・m)/-rpm,86.0mm×86.0mm,-,50L,-,-,-,215/45R17 87W,5.4m,-,-,215/45R17 87W,FR,6MT,-,"1st Gear:3.626, 2nd Gear:2.188, 3rd Gear:1.541, 4th Gear:1.213, 5th Gear:1.000, 6th Gear:0.767, Reverse:3.437",4.1,11/24/2025 9:40
https://www.goo-net-exchange.com/catalog/TOYOTA__86/10087674/,Jun-14,GT,6ATFR,1250kg,"¥2,962,145",TOYOTA,TOYOTA 86 GT,DBA-ZN6,4240×1775×1320mm,2570mm,1520/1540mm,1615×1490×1060mm,1250kg,Coupe,2,4,FA20,200ps(147kW)/7000rpm,1998cc,12.5,-,-,-,20.9kg・m(205N・m)/-rpm,86.0mm×86.0mm,-,50L,-,-,-,215/45R17 87W,5.4m,-,-,215/45R17 87W,FR,6AT,-,"1st Gear:3.538, 2nd Gear:2.060, 3rd Gear:1.404, 4th Gear:1.000, 5th Gear:0.713, 6th Gear:0.582, Reverse:3.168",4.1,11/24/2025 9:40
https://www.goo-net-exchange.com/catalog/TOYOTA__86/10087673/,Jun-14,GT LIMITED,6MTFR,1230kg,"¥3,065,237",TOYOTA,TOYOTA 86 GT LIMITED,DBA-ZN6,4240×1775×1320mm,2570mm,1520/1540mm,1615×1490×1060mm,1230kg,Coupe,2,4,FA20,200ps(147kW)/7000rpm,1998cc,12.5,-,-,-,20.9kg・m(205N・m)/-rpm,86.0mm×86.0mm,-,50L,-,-,-,215/45R17 87W,5.4m,-,-,215/45R17 87W,FR,6MT,-,"1st Gear:3.626, 2nd Gear:2.188, 3rd Gear:1.541, 4th Gear:1.213, 5th Gear:1.000, 6th Gear:0.767, Reverse:3.437",4.1,11/24/2025 9:40
https://www.goo-net-exchange.com/catalog/TOYOTA__86/10087671/,Jun-14,GT LIMITED,6ATFR,1250kg,"¥3,147,709",TOYOTA,TOYOTA 86 GT LIMITED,DBA-ZN6,4240×1775×1320mm,2570mm,1520/1540mm,1615×1490×1060mm,1250kg,Coupe,2,4,FA20,200ps(147kW)/7000rpm,1998cc,12.5,-,-,-,20.9kg・m(205N・m)/-rpm,86.0mm×86.0mm,-,50L,-,-,-,215/45R17 87W,5.4m,-,-,215/45R17 87W,FR,6AT,-,"1st Gear:3.538, 2nd Gear:2.060, 3rd Gear:1.404, 4th Gear:1.000, 5th Gear:0.713, 6th Gear:0.582, Reverse:3.168",4.1,11/24/2025 9:40
https://www.goo-net-exchange.com/catalog/TOYOTA__86/10087670/,Apr-14,RC,6MTFR,1190kg,"¥2,046,857",TOYOTA,TOYOTA 86 RC,DBA-ZN6,4240×1775×1300mm,2570mm,1520/1540mm,1615×1490×1060mm,1190kg,Coupe,2,4,FA20,200ps(147kW)/7000rpm,1998cc,12.5,-,-,-,20.9kg・m(205N・m)/-rpm,86.0mm×86.0mm,-,50L,-,-,-,205/55R16 91V,5.4m,-,-,205/55R16 91V,FR,6MT,,"1st Gear:3.626, 2nd Gear:2.188, 3rd Gear:1.541, 4th Gear:1.213, 5th Gear:1.000, 6th Gear:0.767, Reverse:3.437",3.727,11/24/2025 9:40
https://www.goo-net-exchange.com/catalog/TOYOTA__86/10087669/,Apr-14,G,6MTFR,1210kg,"¥2,478,857",TOYOTA,TOYOTA 86 G,DBA-ZN6,4240×1775×1300mm,2570mm,1520/1540mm,1615×1490×1060mm,1210kg,Coupe,2,4,FA20,200ps(147kW)/7000rpm,1998cc,12.5,-,-,-,20.9kg・m(205N・m)/-rpm,86.0mm×86.0mm,-,50L,-,-,-,205/55R16 91V,5.4m,-,-,205/55R16 91V,FR,6MT,-,"1st Gear:3.626, 2nd Gear:2.188, 3rd Gear:1.541, 4th Gear:1.213, 5th Gear:1.000, 6th Gear:0.767, Reverse:3.437",3.727,11/24/2025 9:40
https://www.goo-net-exchange.com/catalog/TOYOTA__86/10087668/,Apr-14,G,6ATFR,1230kg,"¥2,550,857",TOYOTA,TOYOTA 86 G,DBA-ZN6,4240×1775×1300mm,2570mm,1520/1540mm,1615×1490×1060mm,1230kg,Coupe,2,4,FA20,200ps(147kW)/7000rpm,1998cc,12.5,-,-,-,20.9kg・m(205N・m)/-rpm,86.0mm×86.0mm,-,50L,-,-,-,205/55R16 91V,5.4m,-,-,205/55R16 91V,FR,6AT,,"1st Gear:3.538, 2nd Gear:2.060, 3rd Gear:1.404, 4th Gear:1.000, 5th Gear:0.713, 6th Gear:0.582, Reverse:3.168",4.1,11/24/2025 9:40
https://www.goo-net-exchange.com/catalog/TOYOTA__86/10087667/,Apr-14,GT,6MTFR,1230kg,"¥2,869,714",TOYOTA,TOYOTA 86 GT,DBA-ZN6,4240×1775×1300mm,2570mm,1520/1540mm,1615×1490×1060mm,1230kg,Coupe,2,4,FA20,200ps(147kW)/7000rpm,1998cc,12.5,-,-,-,20.9kg・m(205N・m)/-rpm,86.0mm×86.0mm,-,50L,-,-,-,215/45R17 87W,5.4m,-,-,215/45R17 87W,FR,6MT,-,"1st Gear:3.626, 2nd Gear:2.188, 3rd Gear:1.541, 4th Gear:1.213, 5th Gear:1.000, 6th Gear:0.767, Reverse:3.437",4.1,11/24/2025 9:40
https://www.goo-net-exchange.com/catalog/TOYOTA__86/10087666/,Apr-14,GT,6ATFR,1250kg,"¥2,952,000",TOYOTA,TOYOTA 86 GT,DBA-ZN6,4240×1775×1300mm,2570mm,1520/1540mm,1615×1490×1060mm,1250kg,Coupe,2,4,FA20,200ps(147kW)/7000rpm,1998cc,12.5,-,-,-,20.9kg・m(205N・m)/-rpm,86.0mm×86.0mm,-,50L,-,-,-,215/45R17 87W,5.4m,-,-,215/45R17 87W,FR,6AT,-,"1st Gear:3.538, 2nd Gear:2.060, 3rd Gear:1.404, 4th Gear:1.000, 5th Gear:0.713, 6th Gear:0.582, Reverse:3.168",4.1,11/24/2025 9:40
https://www.goo-net-exchange.com/catalog/TOYOTA__86/10087665/,Apr-14,GT LIMITED,6MTFR,1230kg,"¥3,054,857",TOYOTA,TOYOTA 86 GT LIMITED,DBA-ZN6,4240×1775×1300mm,2570mm,1520/1540mm,1615×1490×1060mm,1230kg,Coupe,2,4,FA20,200ps(147kW)/7000rpm,1998cc,12.5,-,-,-,20.9kg・m(205N・m)/-rpm,86.0mm×86.0mm,-,50L,-,-,-,215/45R17 87W,5.4m,-,-,215/45R17 87W,FR,6MT,-,"1st Gear:3.626, 2nd Gear:2.188, 3rd Gear:1.541, 4th Gear:1.213, 5th Gear:1.000, 6th Gear:0.767, Reverse:3.437",4.1,11/24/2025 9:40
https://www.goo-net-exchange.com/catalog/TOYOTA__86/10087664/,Apr-14,GT LIMITED,6ATFR,1250kg,"¥3,137,143",TOYOTA,TOYOTA 86 GT LIMITED,DBA-ZN6,4240×1775×1300mm,2570mm,1520/1540mm,1615×1490×1060mm,1250kg,Coupe,2,4,FA20,200ps(147kW)/7000rpm,1998cc,12.5,-,-,-,20.9kg・m(205N・m)/-rpm,86.0mm×86.0mm,-,50L,-,-,-,215/45R17 87W,5.4m,-,-,215/45R17 87W,FR,6AT,-,"1st Gear:3.538, 2nd Gear:2.060, 3rd Gear:1.404, 4th Gear:1.000, 5th Gear:0.713, 6th Gear:0.582, Reverse:3.168",4.1,11/24/2025 9:40
https://www.goo-net-exchange.com/catalog/TOYOTA__86/10087688/,Jul-13,RC,6MTFR,1190kg,"¥1,990,000",TOYOTA,TOYOTA 86 RC,DBA-ZN6,4240×1775×1300mm,2570mm,1520/1540mm,1615×1490×1060mm,1190kg,Coupe,2,4,FA20,200ps(147kW)/7000rpm,1998cc,12.5,-,-,-,20.9kg・m(205N・m)/-rpm,86.0mm×86.0mm,-,50L,-,-,-,205/55R16 91V,5.4m,-,-,205/55R16 91V,FR,6MT,,"1st Gear:3.626, 2nd Gear:2.188, 3rd Gear:1.541, 4th Gear:1.213, 5th Gear:1.000, 6th Gear:0.767, Reverse:3.437",3.727,11/24/2025 9:40
https://www.goo-net-exchange.com/catalog/TOYOTA__86/10087687/,Jul-13,G,6MTFR,1210kg,"¥2,410,000",TOYOTA,TOYOTA 86 G,DBA-ZN6,4240×1775×1300mm,2570mm,1520/1540mm,1615×1490×1060mm,1210kg,Coupe,2,4,FA20,200ps(147kW)/7000rpm,1998cc,12.5,-,-,-,20.9kg・m(205N・m)/-rpm,86.0mm×86.0mm,-,50L,-,-,-,205/55R16 91V,5.4m,-,-,205/55R16 91V,FR,6MT,-,"1st Gear:3.626, 2nd Gear:2.188, 3rd Gear:1.541, 4th Gear:1.213, 5th Gear:1.000, 6th Gear:0.767, Reverse:3.437",3.727,11/24/2025 9:40
https://www.goo-net-exchange.com/catalog/TOYOTA__86/10087686/,Jul-13,G,6ATFR,1230kg,"¥2,480,000",TOYOTA,TOYOTA 86 G,DBA-ZN6,4240×1775×1300mm,2570mm,1520/1540mm,1615×1490×1060mm,1230kg,Coupe,2,4,FA20,200ps(147kW)/7000rpm,1998cc,12.5,-,-,-,20.9kg・m(205N・m)/-rpm,86.0mm×86.0mm,-,50L,-,-,-,205/55R16 91V,5.4m,-,-,205/55R16 91V,FR,6AT,,"1st Gear:3.538, 2nd Gear:2.060, 3rd Gear:1.404, 4th Gear:1.000, 5th Gear:0.713, 6th Gear:0.582, Reverse:3.168",4.1,11/24/2025 9:40
https://www.goo-net-exchange.com/catalog/TOYOTA__86/10087685/,Jul-13,GT,6MTFR,1230kg,"¥2,790,000",TOYOTA,TOYOTA 86 GT,DBA-ZN6,4240×1775×1300mm,2570mm,1520/1540mm,1615×1490×1060mm,1230kg,Coupe,2,4,FA20,200ps(147kW)/7000rpm,1998cc,12.5,-,-,-,20.9kg・m(205N・m)/-rpm,86.0mm×86.0mm,-,50L,-,-,-,215/45R17 87W,5.4m,-,-,215/45R17 87W,FR,6MT,-,"1st Gear:3.626, 2nd Gear:2.188, 3rd Gear:1.541, 4th Gear:1.213, 5th Gear:1.000, 6th Gear:0.767, Reverse:3.437",4.1,11/24/2025 9:40
https://www.goo-net-exchange.com/catalog/TOYOTA__86/10087684/,Jul-13,GT,6ATFR,1250kg,"¥2,870,000",TOYOTA,TOYOTA 86 GT,DBA-ZN6,4240×1775×1300mm,2570mm,1520/1540mm,1615×1490×1060mm,1250kg,Coupe,2,4,FA20,200ps(147kW)/7000rpm,1998cc,12.5,-,-,-,20.9kg・m(205N・m)/-rpm,86.0mm×86.0mm,-,50L,-,-,-,215/45R17 87W,5.4m,-,-,215/45R17 87W,FR,6AT,-,"1st Gear:3.538, 2nd Gear:2.060, 3rd Gear:1.404, 4th Gear:1.000, 5th Gear:0.713, 6th Gear:0.582, Reverse:3.168",4.1,11/24/2025 9:40
https://www.goo-net-exchange.com/catalog/TOYOTA__86/10087683/,Jul-13,GT LIMITED,6MTFR,1230kg,"¥2,970,000",TOYOTA,TOYOTA 86 GT LIMITED,DBA-ZN6,4240×1775×1300mm,2570mm,1520/1540mm,1615×1490×1060mm,1230kg,Coupe,2,4,FA20,200ps(147kW)/7000rpm,1998cc,12.5,-,-,-,20.9kg・m(205N・m)/-rpm,86.0mm×86.0mm,-,50L,-,-,-,215/45R17 87W,5.4m,-,-,215/45R17 87W,FR,6MT,-,"1st Gear:3.626, 2nd Gear:2.188, 3rd Gear:1.541, 4th Gear:1.213, 5th Gear:1.000, 6th Gear:0.767, Reverse:3.437",4.1,11/24/2025 9:40
https://www.goo-net-exchange.com/catalog/TOYOTA__86/10087682/,Jul-13,GT LIMITED,6ATFR,1250kg,"¥3,050,000",TOYOTA,TOYOTA 86 GT LIMITED,DBA-ZN6,4240×1775×1300mm,2570mm,1520/1540mm,1615×1490×1060mm,1250kg,Coupe,2,4,FA20,200ps(147kW)/7000rpm,1998cc,12.5,-,-,-,20.9kg・m(205N・m)/-rpm,86.0mm×86.0mm,-,50L,-,-,-,215/45R17 87W,5.4m,-,-,215/45R17 87W,FR,6AT,-,"1st Gear:3.538, 2nd Gear:2.060, 3rd Gear:1.404, 4th Gear:1.000, 5th Gear:0.713, 6th Gear:0.582, Reverse:3.168",4.1,11/24/2025 9:40
https://www.goo-net-exchange.com/catalog/TOYOTA__86/10074306/,Apr-12,RC,6MTFR,1190kg,"¥1,990,000",TOYOTA,TOYOTA 86 RC,DBA-ZN6,4240×1775×1300mm,2570mm,1520/1540mm,1615×1490×1060mm,1190kg,Coupe,2,4,FA20,200ps(147kW)/7000rpm,1998cc,12.5,-,-,-,20.9kg・m(205N・m)/-rpm,86.0mm×86.0mm,-,50L,-,-,-,205/55R16 91V,5.4m,-,-,205/55R16 91V,FR,6MT,,"1st Gear:3.626, 2nd Gear:2.188, 3rd Gear:1.541, 4th Gear:1.213, 5th Gear:1.000, 6th Gear:0.767, Reverse:3.437",3.727,11/24/2025 9:41
https://www.goo-net-exchange.com/catalog/TOYOTA__86/10074305/,Apr-12,G,6MTFR,1210kg,"¥2,410,000",TOYOTA,TOYOTA 86 G,DBA-ZN6,4240×1775×1300mm,2570mm,1520/1540mm,1615×1490×1060mm,1210kg,Coupe,2,4,FA20,200ps(147kW)/7000rpm,1998cc,12.5,-,-,-,20.9kg・m(205N・m)/-rpm,86.0mm×86.0mm,-,50L,-,-,-,205/55R16 91V,5.4m,-,-,205/55R16 91V,FR,6MT,-,"1st Gear:3.626, 2nd Gear:2.188, 3rd Gear:1.541, 4th Gear:1.213, 5th Gear:1.000, 6th Gear:0.767, Reverse:3.437",3.727,11/24/2025 9:41
https://www.goo-net-exchange.com/catalog/TOYOTA__86/10074304/,Apr-12,G,6ATFR,1230kg,"¥2,480,000",TOYOTA,TOYOTA 86 G,DBA-ZN6,4240×1775×1300mm,2570mm,1520/1540mm,1615×1490×1060mm,1230kg,Coupe,2,4,FA20,200ps(147kW)/7000rpm,1998cc,12.5,-,-,-,20.9kg・m(205N・m)/-rpm,86.0mm×86.0mm,-,50L,-,-,-,205/55R16 91V,5.4m,-,-,205/55R16 91V,FR,6AT,,"1st Gear:3.538, 2nd Gear:2.060, 3rd Gear:1.404, 4th Gear:1.000, 5th Gear:0.713, 6th Gear:0.582, Reverse:3.168",4.1,11/24/2025 9:41
https://www.goo-net-exchange.com/catalog/TOYOTA__86/10074303/,Apr-12,GT,6MTFR,1230kg,"¥2,790,000",TOYOTA,TOYOTA 86 GT,DBA-ZN6,4240×1775×1300mm,2570mm,1520/1540mm,1615×1490×1060mm,1230kg,Coupe,2,4,FA20,200ps(147kW)/7000rpm,1998cc,12.5,-,-,-,20.9kg・m(205N・m)/-rpm,86.0mm×86.0mm,-,50L,-,-,-,215/45R17 87W,5.4m,-,-,215/45R17 87W,FR,6MT,-,"1st Gear:3.626, 2nd Gear:2.188, 3rd Gear:1.541, 4th Gear:1.213, 5th Gear:1.000, 6th Gear:0.767, Reverse:3.437",4.1,11/24/2025 9:41
https://www.goo-net-exchange.com/catalog/TOYOTA__86/10074302/,Apr-12,GT,6ATFR,1250kg,"¥2,870,000",TOYOTA,TOYOTA 86 GT,DBA-ZN6,4240×1775×1300mm,2570mm,1520/1540mm,1615×1490×1060mm,1250kg,Coupe,2,4,FA20,200ps(147kW)/7000rpm,1998cc,12.5,-,-,-,20.9kg・m(205N・m)/-rpm,86.0mm×86.0mm,-,50L,-,-,-,215/45R17 87W,5.4m,-,-,215/45R17 87W,FR,6AT,-,"1st Gear:3.538, 2nd Gear:2.060, 3rd Gear:1.404, 4th Gear:1.000, 5th Gear:0.713, 6th Gear:0.582, Reverse:3.168",4.1,11/24/2025 9:41
https://www.goo-net-exchange.com/catalog/TOYOTA__86/10074301/,Apr-12,GT LIMITED,6MTFR,1230kg,"¥2,970,000",TOYOTA,TOYOTA 86 GT LIMITED,DBA-ZN6,4240×1775×1300mm,2570mm,1520/1540mm,1615×1490×1060mm,1230kg,Coupe,2,4,FA20,200ps(147kW)/7000rpm,1998cc,12.5,-,-,-,20.9kg・m(205N・m)/-rpm,86.0mm×86.0mm,-,50L,-,-,-,215/45R17 87W,5.4m,-,-,215/45R17 87W,FR,6MT,-,"1st Gear:3.626, 2nd Gear:2.188, 3rd Gear:1.541, 4th Gear:1.213, 5th Gear:1.000, 6th Gear:0.767, Reverse:3.437",4.1,11/24/2025 9:41
https://www.goo-net-exchange.com/catalog/TOYOTA__86/10074300/,Apr-12,GT LIMITED,6ATFR,1250kg,"¥3,050,000",TOYOTA,TOYOTA 86 GT LIMITED,DBA-ZN6,4240×1775×1300mm,2570mm,1520/1540mm,1615×1490×1060mm,1250kg,Coupe,2,4,FA20,200ps(147kW)/7000rpm,1998cc,12.5,-,-,-,20.9kg・m(205N・m)/-rpm,86.0mm×86.0mm,-,50L,-,-,-,215/45R17 87W,5.4m,-,-,215/45R17 87W,FR,6AT,-,"1st Gear:3.538, 2nd Gear:2.060, 3rd Gear:1.404, 4th Gear:1.000, 5th Gear:0.713, 6th Gear:0.582, Reverse:3.168",4.1,11/24/2025 9:41
